<?xml version="1.0" encoding="iso-8859-1"?>
<!DOCTYPE muclient>

<muclient>
<plugin
   name="DemonMUSH_Chat_Echo"
   author="Fiendish"
   id="55616ea13339bc68e963e1f8"
   language="Lua"
   purpose="Control whether certain channels get hidden from main output"
   date_written="2011-07-27 01:00:00"
   requires="4.75"
   version="7.00"
   save_state="y"
   sequence="-8999"
>
<!-- sequence must be before 0 to not double trigger world triggers -->
<!-- sequence must be after channels plugin to capture unechoed info -->
<description trim="y">
USAGE:

   chats echo on      : show all channels in main window
   chats echo off     : do not show any channels in main window
   chats echo custom  : select a custom list of channels to show in the main window
</description>

</plugin>

<triggers>

<trigger
   enabled="n"
   name="claninfo"
   match="^CLANINFO:.+$"
   regexp="y"
   script="untagged_info"
   omit_from_output="y"
   sequence="100"
   send_to="12"
><send>StopEvaluatingTriggers(true)</send></trigger>

<trigger
   enabled="n"
   match="^$"
   regexp="y"
   name="end_gag_omit"
   group="end_gag"
   omit_from_output="y"
   sequence="100"
   send_to="12"
>
<send>
   EnableTriggerGroup("end_gag", false)
</send>
</trigger>

<trigger
   enabled="n"
   match=".+"
   regexp="y"
   name="end_gag_keep"
   group="end_gag"
   omit_from_output="n"
   sequence="101"
   send_to="12"
>
<send>
   EnableTriggerGroup("end_gag", false)
</send>
</trigger>

<trigger
   enabled="y"
   match="^Compact mode (removed|set)\."
   regexp="y"
   sequence="100"
   send_to="14"
>
<send>
   if "%1" == "set" then
      compact_mode = "YES"
   else
      compact_mode = "NO"
   end
</send>
</trigger>

</triggers>

<aliases>
<alias
   script="chat_echo_wrap"
   match="^chats? echo( on| off| channels| nonchannels)?$"
   enabled="y"
   regexp="y"
   sequence="100"
   ignore_case="y"
></alias>
</aliases>

<!--  Script  -->

<script>
<![CDATA[

require "pairsbykeys"
require "gmcphelper"
version = "7.00"

local init_nonchannel_keys = {"info", "raidinfo", "claninfo", "clan_donations", "global_quest", "warfare", "remort_auction"}
local init_nonchannel_pairs = {["warfare"]="WARFARE:", ["info"]="INFO:", ["raidinfo"]="RAIDINFO:", ["claninfo"]="CLANINFO:", ["global_quest"]="Global Quest:", ["remort_auction"]="Remort Auction:", ["clan_donations"]="Clan Donations"}
local init_channel_keys = {"answer","auction","barter","cant","chant","claninfo","clantalk","commune","curse","dtell","ftalk","gametalk","gclan","gossip","grapevine","gratz","gtell","helper","immtalk","inform","lasertag","ltalk","mafiainfo","market","mchat","mobsay","music","newbie","pchat","pokerinfo","ptell","question","racetalk","rauction","restores","rp","say","snewbie","spouse","tech","telepathy","tell","tiertalk","trivia","wangrp","wardrums","yell"}

-- functions for handling Aardwolf color codes
dofile(GetPluginInfo(GetPluginID(), 20) .. "plugin_colors.lua")


-- only hide echoes if at least one capture window is active
-- use CallPlugin ("55616ea13339bc68e963e1f8", "enable_hiding", true, GetPluginID())
never_hide = true
list_of_filter_enablers = {}
function enable_hiding(true_false, enabler_id)
   list_of_filter_enablers[enabler_id] = true_false or nil
   num_enablers = 0
   for k,v in pairs(list_of_filter_enablers) do
      num_enablers = num_enablers + 1
   end
   if (not aard_req_novisuals_mode) and (num_enablers > 0) then
      never_hide = false
      addDefaultNonChannels()
   else
      never_hide = true
      for i,v in ipairs(init_nonchannel_keys) do
         EnableTrigger(v, false)
      end
   end
end

enable_hiding(false, GetPluginID())


channels_table = {}
nonchannels_table = {}
loadstring(GetVariable("channels_table") or "")()
loadstring(GetVariable("nonchannels_table") or "")()

function addNewChannel(name)
   if not channels_table[name] then
      channels_table[name] = {["echo"]=true}
   end
end

function other_should_echo(name)
   if never_hide or nonchannels_table[name]["echo"] then
      return true
   end
   return false
end

function addDefaultNonChannels()
   for i,v in ipairs(init_nonchannel_keys) do
      nonchannels_table[v] = nonchannels_table[v] or {["echo"]=true}
      EnableTrigger(v, not other_should_echo(v))
   end
end

function addDefaultChannels()
   for i,v in ipairs(init_channel_keys) do
      addNewChannel(v)
   end
   addDefaultNonChannels()
end

addDefaultChannels()

function echo_msg(msg)
   Simulate(ColoursToANSI(msg).."\r\n")
   if compact_mode ~= "YES" then
      Simulate("\r\n")
   end
   EnableTriggerGroup("end_gag", true) -- gags trailing blank line
end

function OnPluginListChanged ()
   dofile "lua/aard_requirements.lua"
   for k,v in pairs(list_of_filter_enablers) do
      enable_hiding(GetPluginInfo(k, 17), k)
   end
end

safe_char_state_hexcodes = {
   ['6403'] = 3,
   ['6409'] = 9,
   ['640B'] = 11
}
function OnPluginTelnetOption(data)
   local hexdata = utils.tohex(data)
   -- after MOTD
   if (not done_init) and safe_char_state_hexcodes[hexdata] then
      done_init = true
      Send_GMCP_Packet("config compact")
   end
end

msg_buffer = {}


function untagged_info (name, line, wildcards, styles)
   EnableTriggerGroup("end_gag", true) -- gags trailing blank line
end

function rejection_message()
  Note()
  ColourNote ("yellow", "", "You can't hide messages with \"chats echo on\" or \"chats echo custom\" unless you have at least one secondary capture plugin active.")
  ColourNote ("yellow", "", "If you want to disable certain channels, do it with the available in-game commands.")
  ColourNote ("yellow", "", [[Otherwise you must have at least one plugin which uses the following line of code before disabling chat display in the client is allowed:   CallPlugin("55616ea13339bc68e963e1f8", "enable_hiding", true, GetPluginID())]])
  Note()
end

function chat_echo (toggle)
   if toggle == "" then
      ColourNote("yellow", "", "Current channel echo status: ")
      for k,v in pairsByKeys(channels_table) do
         ColourTell("yellow", "", tostring(k).." ")
         ColourNote((v["echo"] and "lime") or "red", "", tostring(v["echo"] or "false"))
      end
      Note("")
   elseif toggle == "on" then
      for k,v in pairs(channels_table) do
         channels_table[k]["echo"] = true
      end
      ColourNote ("yellow", "", "All chats are now", "lime", "", " shown ", "yellow", "", "in the main window.")
      ColourNote ("yellow", "", "Note: This does not affect \"other\" (non-channel) messages, which must be toggled separately.")
      Note("")
   elseif toggle == "off" then
      if never_hide then
         return rejection_message()
      end
      for k,v in pairs(channels_table) do
         channels_table[k]["echo"] = nil
      end
      ColourNote ("yellow", "", "All chats are now", "red", "", " hidden ", "yellow", "", "in the main window.")
      ColourNote ("yellow", "", "Note: This does not affect \"other\" (non-channel) messages, which must be toggled separately.")
      Note("")
   elseif toggle == "channels" then
      local tbl = {}
      local defaults = {}
      local i = 1
      for k,v in pairsByKeys(channels_table) do
         tbl[i] = k
         defaults[i] = v["echo"]
         i = i+1
      end
      local echo_result = utils.multilistbox("Choose which channels to show in the main window.", "Channel Echo Selection", tbl, defaults)
      if echo_result then
         for i,v in ipairs(tbl) do
            channels_table[v]["echo"] = echo_result[i]
         end
      end
   elseif toggle == "nonchannels" then
      local defaults = {}
      for k,v in pairs(nonchannels_table) do
         defaults[k] = v["echo"]
      end
      local echo_result = utils.multilistbox("Choose which non-channel info to show in the main window.", "Non-Channel Info Echo Selection", init_nonchannel_pairs, defaults)
      if echo_result then
         for k,v in pairs(nonchannels_table) do
            v["echo"] = echo_result[k]
            EnableTrigger(k, not other_should_echo(k))
         end
      end
   end -- if

   SaveState()
end

function chat_echo_wrap (name, line, wildcards)
   chat_echo(Trim(wildcards[1]):lower())
end -- chat_echo

require "serialize"
function OnPluginSaveState()
   SetVariable("channels_table", serialize.save("channels_table"))
   SetVariable("nonchannels_table", serialize.save("nonchannels_table"))
end

function OnPluginInstall()
   OnPluginEnable()
end

function OnPluginEnable ()
   -- if we are connected when the plugin loads, it must have been reloaded while playing
   if IsConnected() then
   end -- if already connected
end -- OnPluginEnable

function OnPluginClose()
   OnPluginDisable()
end

-- pull in telnet option handling
dofile (GetPluginInfo (GetPluginID(), 20) .. "telnet_options.lua")

function OnPluginDisable()
   done_init = false
   if IsConnected() then
      Send_GMCP_Packet("gmcpchannels off")
   end
end


function getmemoryusage()
  collectgarbage('collect')
  return collectgarbage('count')
end

]]>
</script>
</muclient>
