<?xml version="1.0" encoding="iso-8859-1"?>
<!DOCTYPE muclient>
<!-- Saved on Wednesday, January 02, 2019, 11:29 PM -->
<!-- MuClient version 5.06-pre -->

<!-- Designed by Demon for Alter Aeon to catch channel sends and send them to the Chat Window -->

<muclient>
<plugin
   name="DemonMUSH_CommCatcher"
   id="84164fd114202591729cb50c"
   language="Lua"
   purpose="move messages from main window to comm log"
   save_state="y"
   date_written="2019-01-02 23:28:32"
   requires="5.06"
   version="7.00"
   >

</plugin>


<!--  Get our standard constants -->

<include name="constants.lua"/>

<!--  Aliases  -->

<aliases>
<alias
	name="comm_checker"
	sequence="100"
	match="commcheck"
	enabled="y"
	send_to="12"
	ignore_case="y"><send>commcheck()
</send></alias>
<alias
	sequence="100"
	match="chat check"
	enabled="y"
	send_to="12"
	ignore_case="y"><send>commcheck()
</send></alias>
<alias
	sequence="100"
	match="chat help"
	enabled="y"
	send_to="12"
	ignore_case="y"><send>chathelp()
</send></alias>
<alias enabled="y"
    sequence="100"
    match="set tells tab *"
    send_to="14"
    regexp="n"
    ignore_case="y"><send>
SetVariable("tells_tab", %1)
util.print("{GTells have been set to tab %1.")
</send></alias>
<alias enabled="y"
    name="grouptell_settab"
    sequence="100"
    match="set grouptell tab *"
    send_to="9"
    variable="grouptell_tab"
    regexp="n"
    ignore_case="y"><send>%1</send></alias>
<alias enabled="y"
    name="auction_settab"
    sequence="100"
    match="set auction tab *"
    send_to="9"
    variable="auction_tab"
    regexp="n"
    ignore_case="y"><send>%1</send></alias>
    <alias enabled="y"
        sequence="100"
        match="set clan tab *"
        send_to="14"
        regexp="n"
        ignore_case="y"><send>
    SetVariable("clan_tab", %1)
    util.print("{GThe Clan channel has been set to tab %1.")
    </send></alias>
<alias enabled="y"
    name="says_settab"
    sequence="100"
    match="set says tab *"
    send_to="9"
    variable="says_tab"
    regexp="n"
    ignore_case="y"><send>%1</send></alias>
<alias enabled="y"
    name="regularchan_settab"
    sequence="100"
    match="set regularchan tab *"
    send_to="9"
    variable="regularchan_tab"
    regexp="n"
    ignore_case="y"><send>%1</send></alias>
<alias enabled="y"
    name="circlechan_settab"
    sequence="100"
    match="set circlechan tab *"
    send_to="9"
    variable="circlechan_tab"
    regexp="n"
    ignore_case="y"><send>%1</send></alias>
<alias enabled="y"
    name="friends_settab"
    sequence="100"
    match="set friends tab *"
    send_to="9"
    variable="friends_tab"
    regexp="n"
    ignore_case="y"><send>%1</send></alias>
<alias enabled="y"
    name="notifies_settab"
    sequence="100"
    match="set notifies tab *"
    send_to="9"
    variable="notifies_tab"
    regexp="n"
    ignore_case="y"><send>%1</send></alias>

    <!--  Mute channels from main output  -->
    <alias enabled="y"
        sequence="100"
        match="mute tells"
        send_to="14"
        regexp="n"
        ignore_case="y"><send>
    if GetTriggerOption ("send_tell", "omit_from_output") == 1 then
    SetTriggerOption ("send_tell", "omit_from_output", 0)
    SetTriggerOption ("get_tell", "omit_from_output", 0)
    SetVariable("tells_visible", "Yes")
    util.print("{GTells are now visible in the main output.")
    elseif GetTriggerOption ("send_tell", "omit_from_output") == 0 then
    SetTriggerOption ("send_tell", "omit_from_output", 1)
    SetTriggerOption ("get_tell", "omit_from_output", 1)
    SetVariable("tells_visible", "No")
    util.print("{GTells are now hidden from the main output.")
    end

    </send></alias>
    <alias enabled="y"
        sequence="100"
        match="mute clan"
        send_to="14"
        regexp="n"
        ignore_case="y"><send>
    if GetTriggerOption ("send_clan", "omit_from_output") == 1 then
    SetTriggerOption ("send_clan", "omit_from_output", 0)
    SetTriggerOption ("get_clan", "omit_from_output", 0)
    SetVariable("clan_visible", "Yes")
    util.print("{GClan tells are now visible in the main output.")
    elseif GetTriggerOption ("send_clan", "omit_from_output") == 0 then
    SetTriggerOption ("send_clan", "omit_from_output", 1)
    SetTriggerOption ("get_clan", "omit_from_output", 1)
    SetVariable("clan_visible", "No")
    util.print("{GClan tells are now hidden from the main output.")
    end
    </send></alias>
    <alias enabled="y"
        sequence="100"
        match="mute grats"
        send_to="14"
        regexp="n"
        ignore_case="y"><send>
    if GetTriggerOption ("send_grats", "omit_from_output") == 1 then
    SetTriggerOption ("send_grats", "omit_from_output", 0)
    SetTriggerOption ("get_grats", "omit_from_output", 0)
    SetVariable("friends_visible", "Yes")
    util.print("{GThe grats channel is now visible in the main output.")
    elseif GetTriggerOption ("send_grats", "omit_from_output") == 0 then
    SetTriggerOption ("send_grats", "omit_from_output", 1)
    SetTriggerOption ("get_grats", "omit_from_output", 1)
    SetVariable("friends_visible", "No")
    util.print("{GThe grats channel is now hidden from the main output.")
    end

    </send></alias>
    <alias enabled="y"
        sequence="100"
        match="mute quote"
        send_to="14"
        regexp="n"
        ignore_case="y"><send>
    if GetTriggerOption ("send_quote", "omit_from_output") == 1 then
    SetTriggerOption ("send_quote", "omit_from_output", 0)
    SetTriggerOption ("get_quote", "omit_from_output", 0)
    SetVariable("regularchan_visible", "Yes")
    util.print("{GThe quote channel is now visible in the main output.")
    elseif GetTriggerOption ("send_quote", "omit_from_output") == 0 then
    SetTriggerOption ("send_quote", "omit_from_output", 1)
    SetTriggerOption ("get_quote", "omit_from_output", 1)
    SetVariable("regularchan_visible", "No")
    util.print("{GThe quote channel is now hidden from the main output.")
    end

    </send></alias>
    <alias enabled="y"
        sequence="100"
        match="mute grouptell"
        send_to="14"
        regexp="n"
        ignore_case="y"><send>
    if GetTriggerOption ("get_grouptell", "omit_from_output") == 1 then
    SetTriggerOption ("get_grouptell", "omit_from_output", 0)
    SetVariable("grouptell_visible", "Yes")
    util.print("{GGrouptells are now visible in the main output.")
    elseif GetTriggerOption ("get_grouptell", "omit_from_output") == 0 then
    SetTriggerOption ("get_grouptell", "omit_from_output", 1)
    SetVariable("grouptell_visible", "No")
    util.print("{GGrouptells are now hidden from the main output.")
    end

    </send></alias>
    <alias enabled="y"
        sequence="100"
        match="mute ooc"
        send_to="14"
        regexp="n"
        ignore_case="y"><send>
    if GetTriggerOption ("send_ooc", "omit_from_output") == 1 then
    SetTriggerOption ("send_ooc", "omit_from_output", 0)
    SetTriggerOption ("get_ooc", "omit_from_output", 0)
    SetVariable("auction_visible", "Yes")
    util.print("{GThe OOC channel is now visible in the main output.")
    elseif GetTriggerOption ("send_ooc", "omit_from_output") == 0 then
    SetTriggerOption ("send_ooc", "omit_from_output", 1)
    SetTriggerOption ("get_ooc", "omit_from_output", 1)
    SetVariable("auction_visible", "No")
    util.print("{GThe OOC channel is now hidden from the main output.")
    end

    </send></alias>
    <alias enabled="y"
        sequence="100"
        match="mute music"
        send_to="14"
        regexp="n"
        ignore_case="y"><send>
    if GetTriggerOption ("get_music", "omit_from_output") == 1 then
    SetTriggerOption ("get_music", "omit_from_output", 0)
    SetVariable("music_visible", "Yes")
    util.print("{GThe music channel is now visible in the main output.")
    elseif GetTriggerOption ("get_music", "omit_from_output") == 0 then
    SetTriggerOption ("get_music", "omit_from_output", 1)
    SetVariable("music_visible", "No")
    util.print("{GThe music channel is now hidden from the main output.")
    end

    </send></alias>
    <alias enabled="y"
        sequence="100"
        match="mute discord"
        send_to="14"
        regexp="n"
        ignore_case="y"><send>
    if GetTriggerOption ("get_discord", "omit_from_output") == 1 then
    SetTriggerOption ("get_discord", "omit_from_output", 0)
    SetVariable("discord_visible", "Yes")
    util.print("{GThe Discord channel is now visible in the main output.")
    elseif GetTriggerOption ("get_discord", "omit_from_output") == 0 then
    SetTriggerOption ("get_discord", "omit_from_output", 1)
    SetVariable("discord_visible", "No")
    util.print("{GThe Discord channel is now hidden from the main output.")
    end

    </send></alias>
    <alias enabled="y"
        sequence="100"
        match="mute says"
        send_to="14"
        regexp="n"
        ignore_case="y"><send>
    if GetTriggerOption ("send_says", "omit_from_output") == 1 then
    SetTriggerOption ("send_says", "omit_from_output", 0)
    SetTriggerOption ("get_osays", "omit_from_output", 0)
    SetTriggerOption ("send_osays", "omit_from_output", 0)
    SetVariable("says_visible", "Yes")
    util.print("{GSays are now visible in the main output.")
    elseif GetTriggerOption ("send_says", "omit_from_output") == 0 then
    SetTriggerOption ("send_says", "omit_from_output", 1)
    SetTriggerOption ("get_osays", "omit_from_output", 1)
    SetTriggerOption ("send_osays", "omit_from_output", 1)
    SetVariable("says_visible", "No")
    util.print("{GSays are now hidden from the main output.")
    end

    </send></alias>
    <alias enabled="y"
        sequence="100"
        match="mute info"
        send_to="14"
        regexp="n"
        ignore_case="y"><send>
    if GetTriggerOption ("info_level", "omit_from_output") == 1 then
    SetTriggerOption ("info_level", "omit_from_output", 0)
    SetTriggerOption ("info_kill", "omit_from_output", 0)
    SetTriggerOption ("info_login", "omit_from_output", 0)
    SetTriggerOption ("info_logout", "omit_from_output", 0)
    SetVariable("notifies_visible", "Yes")
    util.print("{GINFO is now visible in the main output.")
    elseif GetTriggerOption ("info_level", "omit_from_output") == 0 then
    SetTriggerOption ("info_level", "omit_from_output", 1)
    SetTriggerOption ("info_kill", "omit_from_output", 1)
    SetTriggerOption ("info_login", "omit_from_output", 1)
    SetTriggerOption ("info_logout", "omit_from_output", 1)
    SetVariable("notifies_visible", "No")
    util.print("{GINFO is now hidden from the main output.")
    end

    </send></alias>
    <alias enabled="y"
        sequence="100"
        match="mute shout"
        send_to="14"
        regexp="n"
        ignore_case="y"><send>
    if GetTriggerOption ("send_shout", "omit_from_output") == 1 then
    SetTriggerOption ("send_shout", "omit_from_output", 0)
    SetTriggerOption ("get_shout", "omit_from_output", 0)
    SetVariable("shout_visible", "Yes")
    util.print("{GShouting is now visible in the main output.")
    elseif GetTriggerOption ("send_shout", "omit_from_output") == 0 then
    SetTriggerOption ("send_shout", "omit_from_output", 1)
    SetTriggerOption ("get_shout", "omit_from_output", 1)
    SetVariable("shout_visible", "No")
    util.print("{GShouting is now hidden from the main output.")
    end
    </send></alias>
    <alias enabled="y"
        sequence="100"
        match="mute yell"
        send_to="14"
        regexp="n"
        ignore_case="y"><send>
    if GetTriggerOption ("send_yell", "omit_from_output") == 1 then
    SetTriggerOption ("send_yell", "omit_from_output", 0)
    SetTriggerOption ("get_yell", "omit_from_output", 0)
    SetVariable("yell_visible", "Yes")
    util.print("{GYelling is now visible in the main output.")
    elseif GetTriggerOption ("send_yell", "omit_from_output") == 0 then
    SetTriggerOption ("send_yell", "omit_from_output", 1)
    SetTriggerOption ("get_yell", "omit_from_output", 1)
    SetVariable("yell_visible", "No")
    util.print("{GYelling is now hidden from the main output.")
    end
    </send></alias>
    <alias enabled="y"
        sequence="100"
        match="mute all"
        send_to="14"
        regexp="n"
        ignore_case="y"><send>muteall()
    </send></alias>


<alias
    enabled="y"
    sequence="100"
    match="replay *"
    send_to="12"
    regexp="n"
    ignore_case="n">
<send>Execute ("repla %1 -t | prefix ~R~H[~YReplay~R] ~O")</send>
</alias>
<alias
    enabled="y"
    sequence="100"
    match="replay"
    send_to="12"
    regexp="n"
    ignore_case="n">
<send>Execute ("repla -t | prefix ~R~H[~YReplay~R] ~O")</send>
</alias>


</aliases>

<!--  Triggers  -->

<triggers>
<trigger
   enabled="y"
   name="friends"
   match="(friend) * posted: *"
   script="friends"
   sequence="100"
   omit_from_output="n">
</trigger>
<trigger
   enabled="y"
   name="friendsevent"
   match="(friend) * *!"
   script="friends"
   sequence="100"
   omit_from_output="n">
</trigger>
<trigger
   enabled="y"
   name="friendsquest"
   match="(friend) * *."
   script="friends"
   sequence="100"
   omit_from_output="n">
</trigger>
<trigger
   enabled="y"
   match="Dentin tells you, 'version'"
   omit_from_output="y"
   regexp="n"
   send_to="14"
   sequence="100"
  >
  </trigger>
<trigger
   enabled="y"
   match="Soth tells you, 'version'"
   omit_from_output="y"
   regexp="n"
   send_to="14"
   sequence="100"
  >
  </trigger>
<trigger
   enabled="y"
   match="A terrible winged Demon tells you, 'version'"
   omit_from_output="y"
   regexp="n"
   send_to="14"
   sequence="100"
  >
  </trigger>
<trigger
   enabled="y"
   match="[*] You reply to *, 'DemonMUSH *'"
   omit_from_output="y"
   omit_from_log="y"
   regexp="n"
   send_to="14"
   sequence="100"
  >
  </trigger>
<trigger
   enabled="y"
   name="friendslog"
   match="(friend) * has * the game."
   script="friends"
   sequence="100"
   omit_from_output="n">
</trigger>
<trigger
   enabled="n"
   name="replay"
   match="[Replay] (* * ago) *"
   script="replay"
   sequence="100"
   omit_from_output="n">
</trigger>

<trigger
   enabled="y"
   name="get_tell"
   match="^(A terrible winged Demon|Rubedo Souless|^\w+) tells you, '.*'$"
   regexp="y"
   script="tells"
   keep_evaluating="y"
   sequence="100"
   omit_from_output="n">
</trigger>
<trigger
   enabled="y"
   name="send_tell"
   match="You tell (?!the group|the clan|the elders)(A terrible winged Demon|.*), '.*'"
   regexp="y"
   script="tells"
   keep_evaluating="y"
   sequence="100"
   omit_from_output="n">
</trigger>
<trigger
   enabled="y"
   name="get_reply"
   match="^(A terrible winged Demon|Rubedo Souless|^\w+) replies to you, '.*'$"
   regexp="y"
   script="tells"
   sequence="100"
   omit_from_output="n">
</trigger>
<trigger
   enabled="y"
   name="send_clan"
   match="You tell the clan, '*'"
   script="clan"
   sequence="100"
   omit_from_output="n">
</trigger>
<trigger
   enabled="y"
   name="get_clan"
   match="* tells the clan, '*'"
   script="clan"
   sequence="100"
   omit_from_output="n">
</trigger>
<trigger
   enabled="y"
   name="get_elder"
   match="* tells the elders, '*'"
   script="clan"
   sequence="100"
   omit_from_output="n">
</trigger>
<trigger
   enabled="y"
   name="send_elder"
   match="You tell the elders, '*'"
   script="clan"
   sequence="100"
   omit_from_output="n">
</trigger>
<trigger
   enabled="y"
   name="get_grouptell"
   match="* tells the group, '*'"
   script="grouptell"
   sequence="100"
   omit_from_output="n">
</trigger>
<trigger
   enabled="y"
   name="send_grouptell"
   match="You tell the group, '*'"
   script="grouptell"
   sequence="100"
   omit_from_output="n">
</trigger>
<trigger
   enabled="y"
   name="send_reply"
   match="You reply to *, '*'"
   script="tells"
   sequence="100"
   omit_from_output="n">
</trigger>
<trigger
   enabled="y"
   name="send_yell"
   match="You yell, '*'"
   script="tells"
   sequence="100"
   omit_from_output="n">
</trigger>
<trigger
   enabled="y"
   name="get_yell"
   match="* yells, '*'"
   script="tells"
   sequence="100"
   omit_from_output="n">
</trigger>
<trigger
   enabled="y"
   name="get_auction"
   match="* auctions, '*'"
   script="auction"
   sequence="100"
   omit_from_output="n">
</trigger>
<trigger
   enabled="y"
   name="send_auction"
   match="You auction, '*'"
   script="auction"
   sequence="100"
   omit_from_output="n">
</trigger>
<trigger
   enabled="y"
   name="send_says"
   match="You say, '*'"
   script="says"
   sequence="100"
   omit_from_output="n">
</trigger>
<trigger
   enabled="y"
   name="get_says"
   match="^(A terrible winged Demon|Rubedo Souless|^\w+) says, '.*'$"
   script="says"
   regexp="y"
   sequence="100"
   omit_from_output="n">
</trigger>
<trigger
    enabled="y"
	name="regularchan"
    match="\[([a-zA-Z]+)\] ([a-zA-Z ]+)\: (.+)$"
    script="regularchan"
    regexp="y"
    omit_from_output="n"
    sequence="100">
</trigger>
<trigger
    enabled="y"
    match="[]* *s, '*'"
    script="regularchan"
    regexp="n"
    omit_from_output="n"
    sequence="100">
</trigger>
<trigger
    enabled="y"
    match="[]You *, '*'"
    script="regularchan"
    regexp="n"
    omit_from_output="n"
    sequence="100">
</trigger>
<trigger
    enabled="y"
    match="[]* *: *"
    script="regularchan"
    regexp="n"
    omit_from_output="n"
    sequence="100">
</trigger>
<trigger
    enabled="y"
    match="xaud[demonauc] *: *"
    script="regularchan"
    regexp="n"
    omit_from_output="y"
    sequence="100">
</trigger>
<trigger
    enabled="y"
    match="Double mob experience is now enabled!"
    script="notifies"
    regexp="n"
    omit_from_output="n"
    sequence="100">
</trigger>
<trigger
    enabled="y"
    match="(notify) * * (freak *!)"
    script="notifies"
    regexp="n"
    omit_from_output="n"
    sequence="100">
</trigger>
<trigger
    enabled="y"
    match="(notify) * *, freak *!"
    script="notifies"
    regexp="n"
    omit_from_output="n"
    sequence="100">
</trigger>
<trigger
    enabled="y"
    match="Double experience caps for mob kills are now enabled!"
    script="notifies"
    regexp="n"
    omit_from_output="n"
    sequence="100">
</trigger>

</triggers>

<!--  Script  -->

<script>
<![CDATA[

require "utility"
require "tprint"
dofile(GetPluginInfo(GetPluginID(), 20) .. "plugin_colors.lua")
version = "7.00"
date_format = GetPluginVariable("b555825a4a5700c35fa80780", "date_format") or "%b %d %I:%M:%S%p"    -- Gets date_format variable from the Chat Window itself.
----------------------------------------------------------------------------------------------------------
--- VARIABLES GO HERE
----------------------------------------------------------------------------------------------------------
tracker_tab = GetVariable("tracker_tab") or "1"
tells_tab = GetVariable("tells_tab") or "1"
friends_tab = GetVariable("friends_tab") or "1"
clan_tab = GetVariable("clan_tab") or "1"
grouptell_tab = GetVariable("grouptell_tab") or "1"
auction_tab = GetVariable("auction_tab") or "1"
music_tab = GetVariable("music_tab") or "1"
regularchan_tab = GetVariable("regularchan_tab") or "1"
circlechan_tab = GetVariable("circlechan_tab") or "1"
replay_tab = GetVariable("replay_tab") or "1"
says_tab = GetVariable("says_tab") or "1"
notifies_tab = GetVariable("notifies_tab") or "1"
discord_tab = GetVariable("discord_tab") or "1"
shout_tab = GetVariable("shout_tab") or "1"
yell_tab = GetVariable("yell_tab") or "1"
date_format = GetPluginVariable("b555825a4a5700c35fa80780", "date_format") or "%b %d %I:%M:%S%p"    -- Gets date_format variable from the Chat Window itself.
tells_visible = GetVariable("tells_visible") or "Yes"
friends_visible = GetVariable("friends_visible") or "Yes"
clan_visible = GetVariable("clan_visible") or "Yes"
regularchan_visible = GetVariable("regularchan_visible") or "Yes"
circlechan_visible = GetVariable("circlechan_visible") or "Yes" --add circlechan later
grouptell_visible = GetVariable("grouptell_visible") or "Yes"
auction_visible = GetVariable("auction_visible") or "Yes"
music_visible = GetVariable("music_visible") or "Yes"
says_visible = GetVariable("says_visible") or "Yes"
replay_visible = GetVariable("replay_visible") or "Yes"
replay_visible = GetVariable("replay_visible") or "Yes"
tracker_visible = GetVariable("tracker_visible") or "Yes"
discord_visible = GetVariable("discord_visible") or "Yes"
shout_visible = GetVariable("shout_visible") or "Yes"
yell_visible = GetVariable("yell_visible") or "Yes"
all_visible = GetVariable("all_visible") or "Yes"

----------------------------------------------------------------------------------------------------------
--- END VARIABLES
----------------------------------------------------------------------------------------------------------

function unmute()
SetTriggerOption ("send_yell", "omit_from_output", 0)
SetTriggerOption ("get_yell", "omit_from_output", 0)
SetTriggerOption ("send_shout", "omit_from_output", 0)
SetTriggerOption ("get_shout", "omit_from_output", 0)
SetTriggerOption ("info_level", "omit_from_output", 0)
SetTriggerOption ("info_kill", "omit_from_output", 0)
SetTriggerOption ("info_login", "omit_from_output", 0)
SetTriggerOption ("info_logout", "omit_from_output", 0)
SetTriggerOption ("send_says", "omit_from_output", 0)
SetTriggerOption ("get_osays", "omit_from_output", 0)
SetTriggerOption ("send_osays", "omit_from_output", 0)
SetTriggerOption ("get_discord", "omit_from_output", 0)
SetTriggerOption ("get_music", "omit_from_output", 0)
SetTriggerOption ("send_ooc", "omit_from_output", 0)
SetTriggerOption ("get_ooc", "omit_from_output", 0)
SetTriggerOption ("get_grouptell", "omit_from_output", 0)
SetTriggerOption ("send_quote", "omit_from_output", 0)
SetTriggerOption ("get_quote", "omit_from_output", 0)
SetTriggerOption ("send_grats", "omit_from_output", 0)
SetTriggerOption ("get_grats", "omit_from_output", 0)
SetTriggerOption ("send_clan", "omit_from_output", 0)
SetTriggerOption ("get_clan", "omit_from_output", 0)
SetVariable("yell_visible", "Yes")
SetVariable("shout_visible", "Yes")
SetVariable("notifies_visible", "Yes")
SetVariable("says_visible", "Yes")
SetVariable("discord_visible", "Yes")
SetVariable("music_visible", "Yes")
SetVariable("auction_visible", "Yes")
SetVariable("grouptell_visible", "Yes")
SetVariable("regularchan_visible", "Yes")
SetVariable("friends_visible", "Yes")
SetVariable("tells_visible", "Yes")
SetVariable("replay_visible", "Yes")
SetVariable("tracker_visible", "Yes")
SetVariable("circlechan_visible", "Yes")
SetVariable("clan_visible", "Yes")
SetVariable("all_visible", "Yes")
util.print("{GAll channels are now visible in the main output.")
end

function mute()
SetTriggerOption ("send_yell", "omit_from_output", 1)
SetTriggerOption ("get_yell", "omit_from_output", 1)
SetTriggerOption ("send_shout", "omit_from_output", 1)
SetTriggerOption ("get_shout", "omit_from_output", 1)
SetTriggerOption ("info_level", "omit_from_output", 1)
SetTriggerOption ("info_kill", "omit_from_output", 1)
SetTriggerOption ("info_login", "omit_from_output", 1)
SetTriggerOption ("info_logout", "omit_from_output", 1)
SetTriggerOption ("send_says", "omit_from_output", 1)
SetTriggerOption ("get_osays", "omit_from_output", 1)
SetTriggerOption ("send_osays", "omit_from_output", 1)
SetTriggerOption ("get_discord", "omit_from_output", 1)
SetTriggerOption ("get_music", "omit_from_output", 1)
SetTriggerOption ("send_ooc", "omit_from_output", 1)
SetTriggerOption ("get_ooc", "omit_from_output", 1)
SetTriggerOption ("get_grouptell", "omit_from_output", 1)
SetTriggerOption ("send_quote", "omit_from_output", 1)
SetTriggerOption ("get_quote", "omit_from_output", 1)
SetTriggerOption ("send_grats", "omit_from_output", 1)
SetTriggerOption ("get_grats", "omit_from_output", 1)
SetTriggerOption ("send_clan", "omit_from_output", 1)
SetTriggerOption ("get_clan", "omit_from_output", 1)
SetVariable("yell_visible", "No")
SetVariable("shout_visible", "No")
SetVariable("notifies_visible", "No")
SetVariable("says_visible", "No")
SetVariable("discord_visible", "No")
SetVariable("music_visible", "No")
SetVariable("auction_visible", "No")
SetVariable("grouptell_visible", "No")
SetVariable("friends_visible", "No")
SetVariable("tells_visible", "No")
SetVariable("regularchan_visible", "No")
SetVariable("replay_visible", "No")
SetVariable("tracker_visible", "No")
SetVariable("circlechan_visible", "No")
SetVariable("clan_visible", "No")
SetVariable("all_visible", "No")
util.print("{GAll channels are now hidden from the main output.")
end

function muteall()
if GetTriggerOption ("send_yell", "omit_from_output") == 1 then
SetTriggerOption ("send_yell", "omit_from_output", 0)
SetTriggerOption ("send_tell", "omit_from_output", 0)
SetTriggerOption ("get_tell", "omit_from_output", 0)
SetTriggerOption ("get_yell", "omit_from_output", 0)
SetTriggerOption ("send_shout", "omit_from_output", 0)
SetTriggerOption ("get_shout", "omit_from_output", 0)
SetTriggerOption ("info_level", "omit_from_output", 0)
SetTriggerOption ("info_kill", "omit_from_output", 0)
SetTriggerOption ("info_login", "omit_from_output", 0)
SetTriggerOption ("info_logout", "omit_from_output", 0)
SetTriggerOption ("send_says", "omit_from_output", 0)
SetTriggerOption ("get_osays", "omit_from_output", 0)
SetTriggerOption ("send_osays", "omit_from_output", 0)
SetTriggerOption ("get_discord", "omit_from_output", 0)
SetTriggerOption ("get_music", "omit_from_output", 0)
SetTriggerOption ("send_ooc", "omit_from_output", 0)
SetTriggerOption ("get_ooc", "omit_from_output", 0)
SetTriggerOption ("get_grouptell", "omit_from_output", 0)
SetTriggerOption ("send_quote", "omit_from_output", 0)
SetTriggerOption ("get_quote", "omit_from_output", 0)
SetTriggerOption ("send_grats", "omit_from_output", 0)
SetTriggerOption ("get_grats", "omit_from_output", 0)
SetTriggerOption ("send_clan", "omit_from_output", 0)
SetTriggerOption ("get_clan", "omit_from_output", 0)
SetVariable("yell_visible", "Yes")
SetVariable("shout_visible", "Yes")
SetVariable("notifies_visible", "Yes")
SetVariable("says_visible", "Yes")
SetVariable("discord_visible", "Yes")
SetVariable("music_visible", "Yes")
SetVariable("auction_visible", "Yes")
SetVariable("grouptell_visible", "Yes")
SetVariable("regularchan_visible", "Yes")
SetVariable("friends_visible", "Yes")
SetVariable("tells_visible", "Yes")
SetVariable("replay_visible", "Yes")
SetVariable("tracker_visible", "Yes")
SetVariable("circlechan_visible", "Yes")
SetVariable("clan_visible", "Yes")
SetVariable("all_visible", "Yes")
util.print("{GAll channels are now visible in the main output.")
elseif GetTriggerOption ("send_yell", "omit_from_output") == 0 then
SetTriggerOption ("send_yell", "omit_from_output", 1)
SetTriggerOption ("send_tell", "omit_from_output", 1)
SetTriggerOption ("get_tell", "omit_from_output", 1)
SetTriggerOption ("get_yell", "omit_from_output", 1)
SetTriggerOption ("send_shout", "omit_from_output", 1)
SetTriggerOption ("get_shout", "omit_from_output", 1)
SetTriggerOption ("info_level", "omit_from_output", 1)
SetTriggerOption ("info_kill", "omit_from_output", 1)
SetTriggerOption ("info_login", "omit_from_output", 1)
SetTriggerOption ("info_logout", "omit_from_output", 1)
SetTriggerOption ("send_says", "omit_from_output", 1)
SetTriggerOption ("get_osays", "omit_from_output", 1)
SetTriggerOption ("send_osays", "omit_from_output", 1)
SetTriggerOption ("get_discord", "omit_from_output", 1)
SetTriggerOption ("get_music", "omit_from_output", 1)
SetTriggerOption ("send_ooc", "omit_from_output", 1)
SetTriggerOption ("get_ooc", "omit_from_output", 1)
SetTriggerOption ("get_grouptell", "omit_from_output", 1)
SetTriggerOption ("send_quote", "omit_from_output", 1)
SetTriggerOption ("get_quote", "omit_from_output", 1)
SetTriggerOption ("send_grats", "omit_from_output", 1)
SetTriggerOption ("get_grats", "omit_from_output", 1)
SetTriggerOption ("send_clan", "omit_from_output", 1)
SetTriggerOption ("get_clan", "omit_from_output", 1)
SetVariable("yell_visible", "No")
SetVariable("shout_visible", "No")
SetVariable("notifies_visible", "No")
SetVariable("says_visible", "No")
SetVariable("discord_visible", "No")
SetVariable("music_visible", "No")
SetVariable("auction_visible", "No")
SetVariable("grouptell_visible", "No")
SetVariable("friends_visible", "No")
SetVariable("tells_visible", "No")
SetVariable("regularchan_visible", "No")
SetVariable("clan_visible", "No")
SetVariable("replay_visible", "No")
SetVariable("tracker_visible", "No")
SetVariable("circlechan_visible", "No")
SetVariable("all_visible", "No")
util.print("{GAll channels are now hidden from the main output.")
end
end

function tells (name, line, wildcards, styles)
    -- print ("name = " .. name)
    tab = GetVariable("tells_tab") or "1"
   a, b = CallPlugin("b555825a4a5700c35fa80780", "storeFromOutside", os.date(GetPluginVariable("b555825a4a5700c35fa80780", "date_format")) .. StylesToColours(styles), tab)
end -- untagged info

function friends (name, line, wildcards, styles)
    -- print ("name = " .. name)
    tab = GetVariable("friends_tab") or "1"
   a, b = CallPlugin("b555825a4a5700c35fa80780", "storeFromOutside", os.date(GetPluginVariable("b555825a4a5700c35fa80780", "date_format")) .. StylesToColours(styles), tab)
end -- untagged info

function clan (name, line, wildcards, styles)
    -- print ("name = " .. name)
    tab = GetVariable("clan_tab") or "1"
   a, b = CallPlugin("b555825a4a5700c35fa80780", "storeFromOutside", os.date(GetPluginVariable("b555825a4a5700c35fa80780", "date_format")) .. StylesToColours(styles), tab)
end -- untagged info

function grouptell (name, line, wildcards, styles)
    -- print ("name = " .. name)
    tab = GetVariable("grouptell_tab") or "1"
   a, b = CallPlugin("b555825a4a5700c35fa80780", "storeFromOutside", os.date(GetPluginVariable("b555825a4a5700c35fa80780", "date_format")) .. StylesToColours(styles), tab)
end -- untagged info

function auction (name, line, wildcards, styles)
    -- print ("name = " .. name)
    tab = GetVariable("auction_tab") or "1"
   a, b = CallPlugin("b555825a4a5700c35fa80780", "storeFromOutside", os.date(GetPluginVariable("b555825a4a5700c35fa80780", "date_format")) .. StylesToColours(styles), tab)
end -- untagged info

function regularchan (name, line, wildcards, styles)
styles[1].text = ""
--noprefix = string.gsub(StylesToColours(styles), "{w%[%]", "")
    -- print ("name = " .. name)
    tab = GetVariable("regularchan_tab") or "1"
   a, b = CallPlugin("b555825a4a5700c35fa80780", "storeFromOutside", os.date(GetPluginVariable("b555825a4a5700c35fa80780", "date_format")) .. StylesToColours(styles), tab)
end -- untagged info

function circlechan (name, line, wildcards, styles)
styles[1].text = ""
 -- noprefix = string.gsub(StylesToColours(styles), "{w%[%]", "")
      -- print ("name = " .. name)
      tab = GetVariable("regularchan_tab") or "1"
     a, b = CallPlugin("b555825a4a5700c35fa80780", "storeFromOutside", os.date(GetPluginVariable("b555825a4a5700c35fa80780", "date_format")) .. StylesToColours(styles), tab)
end -- untagged info

function says (name, line, wildcards, styles)
    -- print ("name = " .. name)
    tab = GetVariable("says_tab") or "1"
   a, b = CallPlugin("b555825a4a5700c35fa80780", "storeFromOutside", os.date(GetPluginVariable("b555825a4a5700c35fa80780", "date_format")) .. StylesToColours(styles), tab)
end -- untagged info

function notifies (name, line, wildcards, styles)
    -- print ("name = " .. name)
    tab = GetVariable("notifies_tab") or "1"
   a, b = CallPlugin("b555825a4a5700c35fa80780", "storeFromOutside", os.date(GetPluginVariable("b555825a4a5700c35fa80780", "date_format")) .. StylesToColours(styles), tab)
end -- untagged info

function replay (name, line, wildcards, styles)
    -- print ("name = " .. name)
    tab = GetVariable("replay_tab") or "1"
   a, b = CallPlugin("b555825a4a5700c35fa80780", "storeFromOutside", os.date(GetPluginVariable("b555825a4a5700c35fa80780", "date_format")) .. StylesToColours(styles), tab)
   -- a, b = CallPlugin("b555825a4a5700c35fa80780", "storeFromOutside", os.date(GetPluginVariable("b555825a4a5700c35fa80780", "date_format")) .. StylesToColours(styles), tab) -- this is for NO TIMESTAMPS
end -- untagged info

function yell (name, line, wildcards, styles)
    -- print ("name = " .. name)
      tab = yell_tab or "1"
    tab = GetVariable("yell_tab") or "1"
   a, b = CallPlugin("b555825a4a5700c35fa80780", "storeFromOutside", os.date(GetPluginVariable("b555825a4a5700c35fa80780", "date_format")) .. StylesToColours(styles), tab)
end -- yell tab

function commcheck()
      util.print("{W--------------------------------------------------------------------------------")
      util.print("            {YD{ye{Ym{yo{Yn{RM{rU{RS{rH {x238Chat Window {YTab Information                            ")
      util.print("{W--------------------------------------------------------------------------------")
     -- util.print("{W The following is a list of the channels and which tab they're set to ")
     --util.print("")
      util.print("{Y            Channel List      {R-->          {Y Tab Number   {YVisible in Main Output")
      util.print("{W--------------------------------------------------------------------------------")
      util.print("")
      util.print("{Y            GroupTell         {R-->           {Y" .. (GetVariable("grouptell_tab") or 1) .."            " .. (GetVariable("grouptell_visible") or "Yes"))
      util.print("{Y            Discord           {R-->           {Y" .. (GetVariable("discord_tab") or 1) .."            " .. (GetVariable("discord_visible") or "Yes"))
      util.print("{Y            Music             {R-->           {Y" .. (GetVariable("music_tab") or 1) .."            " .. (GetVariable("music_visible") or "Yes"))
      util.print("{Y            Shout             {R-->           {Y" .. (GetVariable("shout_tab") or 1) .."            " .. (GetVariable("shout_visible") or "Yes"))
      util.print("{Y            Tells             {R-->           {Y" .. (GetVariable("tells_tab") or 1) .."            " .. (GetVariable("tells_visible") or "Yes"))
      util.print("{Y            Yell             {R-->           {Y" .. (GetVariable("yell_tab") or 1) .."            " .. (GetVariable("yell_visible") or "Yes"))
      util.print("{Y            Clan              {R-->           {Y" .. (GetVariable("clan_tab") or 1) .."            " .. (GetVariable("clan_visible") or "Yes"))
      util.print("{Y            Says              {R-->           {Y" .. (GetVariable("says_tab") or 1) .."            " .. (GetVariable("says_visible") or "Yes"))
      util.print("")
      util.print("{G Use set <channel> tab <tab number> to assign a channel to a different tab")
      util.print("{G        {GI.E. {Rset tells tab 2{G to set the tells channel to tab 2  ")
      util.print("")
      util.print("{W--------------------------------------------------------------------------------")
      util.print("")
end

function chathelp()
  util.print("{W--------------------------------------------------------------------------------")
  util.print("{WPlugin Name  : {YD{ye{Ym{yo{Yn{RM{rU{RS{rH {x238Chat Window")
  util.print("{WAuthor       : {x238Demon")
  util.print("{WVersion      : {G" .. version)
  util.print("{W--------------------------------------------------------------------------------")
  util.print("")
  util.print("                 {YD{ye{Ym{yo{Yn{RM{rU{RS{rH {x238Chat Window {YHelp                            ")
  util.print("{W--------------------------------------------------------------------------------")
  util.print("")
  util.print("{Y chat help                 {R-->{W Displays the help pages for the chat window")
  util.print("{Y mute <channel>            {R-->{W Mutes a specific channel from the main output")
  util.print("{Y mute all                  {R-->{W Mutes all channels from the main output")
  util.print("{Y chat check                {R-->{W Displays information about channels, which tabs")
util.print("{Y                              {W the channels are assigned to, and if the channels")
util.print("{Y                              {W are visible in the main output window")
  util.print("{Y set <channel> <tabnumber> {R-->{W Assigns a channel to the specified tab number")
  util.print("")
  util.print("{W--------------------------------------------------------------------------------")
  util.print("")
  util.print("")
end

function OnPluginInstall()
chathelp()
end

-------------- TO DO ----------------------------------------------------------------------------------------------------------------------
-- keep adding MUTE and UNMUTE for stuff like auction, friend, and all other channels... change get and send for all channels and such
-------------------------------------------------------------------------------------------------------------------------------------------

]]>
</script>
</muclient>
